<?xml version="1.0" encoding="utf-8"?>
<extension version="2.5" type="plugin" group="j2store" method="upgrade">
	<name>SagePay Direct Protocol 3.0</name>
	<version>1.0</version>
	<creationDate>May 2015</creationDate>
	<author>Jose Cuenca</author>
	<authorEmail>jose@josecuenca.info</authorEmail>
	<authorUrl>http://www.josecuenca.info</authorUrl>
	<copyright>GNU General Public License v2 or later</copyright>
	<license>GNU General Public License v2 or later</license>
	<description>J2STORE_SAGEPAY3_PLUGINDESC</description>
	<files>
		<filename plugin="payment_sagepay3">payment_sagepay3.php</filename>
		<folder>payment_sagepay3</folder>
	</files>
	<languages folder="language">
			<language tag="en-GB">en-GB.plg_j2store_payment_sagepay3.ini</language>
	</languages>
	<config>
	<fields name="params">
		<fieldset name="basic">
		<field name="display_name" type="text" size="30" default="" label="J2STORE_SAGEPAY3_DISPLAY_NAME" description="J2STORE_SAGEPAY3_DISPLAY_NAME_DESC"/>
		<field name="display_image" type="media" label="j2store_plugin_display_image" description="j2store_plugin_display_image_desc"/>
     	<field name="merchant_email" type="text" size="50" default="" label="J2STORE_SAGEPAY3_VENDOR_NAME" description="J2STORE_SAGEPAY3_VENDOR_NAME_DESC"/>	
		<field name="enc_password" type="text" size="50" default="" label="J2STORE_SAGEPAY3_ENCRYPTION_PASSWORD" description="J2STORE_SAGEPAY3_ENCRYPTION_PASSWORD_DESC"/>
		<field type="spacer" />
		 <field name="card_types" type="list" multiple="multiple" default="VISA,DELTA,MC,MCDEBIT" label="J2STORE_SAGEPAY3_CARD_TYPE" description="J2STORE_SAGEPAY3_CARD_TYPE_DESC">
          <option value="VISA">J2STORE_SAGEPAY3_VISA</option>
          <option value="DELTA">J2STORE_SAGEPAY3_DELTA</option>

          <option value="MC">J2STORE_SAGEPAY3_MC</option>          
          <option value="MCDEBIT">J2STORE_SAGEPAY3_MCDEBIT</option>
          <option value="MAESTRO">J2STORE_SAGEPAY3_MAESTRO</option>          
          <option value="UKE">J2STORE_SAGEPAY3_UKE</option>
          <option value="AMEX">J2STORE_SAGEPAY3_AMEX</option>
		  <option value="DC">J2STORE_SAGEPAY3_DC</option>
		  <option value="JCB">J2STORE_SAGEPAY3_JCB</option>
        </field>
        <field name="sandbox" type="radio" default="0" label="J2STORE_SAGEPAY3_TEST_SERVER" description="J2STORE_SAGEPAY3_TEST_SERVER_DESC">
          <option value="0">J2STORE_NO</option>
          <option value="1">J2STORE_YES</option>
        </field>
        <field type="spacer" />
	   		<field name="statusOK" type="textarea" size="10" default="" label="J2STORE_SAGEPAY3_OK_MSG" description="J2STORE_SAGEPAY3_OK_MSG_DESC"/>
	    <field type="spacer" />
		<field type="spacer" />
			<field name="statusNOTOK" type="textarea" size="10" default="" label="J2STORE_SAGEPAY3_NOTOK_MSG" description="J2STORE_SAGEPAY3_NOTOK_MSG_DESC"/>
			<field name="emailError" type="textarea"  default="" label="J2STORE_SAGEPAY3_ERRORMAIL_LIST" description="J2STORE_SAGEPAY3_ERRORMAIL_LIST_DESC"/>
		<field type="spacer" />            
        <field type="spacer" />
        	<field name="button_text" type="text" size="50" default="J2STORE_PLACE_ORDER" label="j2store_button_text_label" description="j2store_button_text_desc" />            
        <field type="spacer" />
        	<field name="debug" type="radio" default="0" label="j2store_SAGEPAY3_debug" description="j2store_SAGEPAY3_debug_desc">
            	<option value="0">No</option>
                <option value="1">Yes</option>
            </field>    
		</fieldset>
	</fields>
</config>				
</extension>